course_id,course_name
C101,Blockchain Basics
C102,Web Development
C103,Blockchain Basics
C104,Blockchain Basics
C105,Python Programming
C106,Web Development
C107,Big Data Analytics
C108,Mobile App Development
C109,Cybersecurity
C110,Artificial Intelligence
